タイムスタンプ,児童氏名,学年,ご住所,登校時に利用する,下校時に利用する,希望する停留所,備考欄
2026/09/01 8:10:00,佐藤 はると,3年,愛知県名古屋市中村区名駅3丁目15-1,はい,はい,,
2026/09/01 8:12:00,鈴木 さくら,1年,愛知県名古屋市中村区名駅2丁目45-19,はい,いいえ,,雨の日のみ利用します
2026/09/01 8:20:00,高橋 ゆい,2年,愛知県名古屋市西区那古野1丁目14-18,はい,はい,,
2026/09/01 8:31:00,田中 そうた,4年,愛知県名古屋市西区那古野2丁目14-1,はい,はい,円頓寺商店街の入口,
2026/09/01 8:45:00,伊藤 ひなた,5年,愛知県名古屋市西区名駅2丁目27-8,はい,はい,,
2026/09/01 9:02:00,渡辺 りく,1年,愛知県名古屋市中村区則武1丁目9-12,はい,はい,,
2026/09/01 9:05:00,山本 めい,2年,愛知県名古屋市中村区則武2丁目3-2,はい,はい,,
2026/09/01 9:20:00,中村 けんた,6年,愛知県名古屋市中村区亀島1丁目7-3,はい,はい,,
2026/09/01 9:33:00,小林 あおい,3年,愛知県名古屋市中村区亀島2丁目1-1,はい,いいえ,,
2026/09/01 9:40:00,加藤 ゆうと,4年,愛知県名古屋市中村区椿町1-16,はい,はい,,
2026/09/01 10:01:00,吉田 こはる,1年,愛知県名古屋市中村区椿町18-22,はい,はい,,
2026/09/01 10:15:00,山田 そら,5年,愛知県名古屋市中村区太閤1丁目16-15,はい,はい,,
2026/09/01 10:30:00,佐々木 ひまり,2年,愛知県名古屋市中村区太閤3丁目1-18,はい,はい,,
2026/09/01 11:00:00,山口 だいき,6年,愛知県名古屋市中村区名駅南1丁目24-30,はい,はい,,
2026/09/01 11:20:00,松本 ゆな,3年,愛知県名古屋市中村区名駅南2丁目11-43,はい,はい,,
2026/09/01 12:05:00,井上 はるき,4年,愛知県名古屋市中川区露橋1丁目1-1,はい,はい,,
2026/09/01 12:40:00,木村 えま,1年,愛知県名古屋市西区幅下1丁目11-4,はい,はい,,
2026/09/01 13:10:00,林 たくみ,5年,愛知県名古屋市西区新道1丁目3-1,はい,はい,,
2026/09/01 13:30:00,斎藤 みお,2年,名古屋市中村区,はい,はい,,
2026/09/01 14:00:00,清水 れん,3年,,はい,はい,,住所は後で連絡します
